1	Woolwich
2	Seven Sisters
4	Croydon
6	Kensington
7	Strand
8	Victoria
9	Baker Street
11	Shepherds Bush
13	Wembley
14	Ilford 1
15	Earls Court
16	Southend
17	Slough
18	Romford
19	Edgware Road
20	Hounslow
21	Wood Green
23	Kentish Town
24	Bromley
25	Fulham
26	Maidstone - Week Street
27	Sutton
28	Oxford Street 1
29	Eltham
30	Balham
31	Southgate
34	Milton Keynes
36	Epsom
37	Walthamstow
38	Chatham
39	East Ham
41	Enfield
42	Swiss Cottage
43	Staines 1
44	Warren Street
47	Harrow
48	Clapham Junction
49	Peckham
50	Uxbridge
51	Penge
52	Bedford
53	West Bromwich
54	Derby
55	Barnet
58	Dartford - Spital Street
59	Bham - Stephenson Place
60	Walworth Rd
61	Aldershot
62	Wolverhampton - Dudley Street
64	Northampton
66	Acton
68	Kilburn
70	Walsall
71	Telford
72	Mcdonalds Blackpool Town Centre
73	Crawley
74	Queensgate Peterborough
75	Brighton 1
76	Stockport
78	Tottenham
79	Clumber St Nottingham
81	Bexleyheath
82	Tooting
83	Putney
86	Newcastle-Under-Lyme
88	Luton George Street
89	Portsmouth - Commercial Road
90	Cheltenham
92	Stafford
93	Camberley-High Street
95	Oldham
98	Leamington Spa
101	Solihull
102	Reading
103	Wigan
104	Bury
107	Burnley - St James St
108	Margate
109	Hackney
110	Warrington
111	Bolton
114	Eastbourne 1
115	Swindon - Brunel Centre
118	Harlow
119	Maidenhead
120	Bournemouth
121	Worthing
123	Burton
125	Bath
126	Windsor
127	Nuneaton-Queens Road
128	Redditch
129	Leigh
130	Stratford-Upon-Avon
131	Chester
133	Orpington
136	Hereford
139	Gloucester
140	Gravesend
141	Colchester
142	Chesterfield
145	Worcester
146	Blackburn
147	Ashton-Under-Lyne
148	Beaumont Leys Leicester
149	Walton-On-Thames
150	Kings Lynn
151	Eastgates
152	Grimsby
154	Wrexham
155	Oxford
156	Bootle
157	St Helens - Church Street
158	Barking
159	Newbury
160	Northfield
162	High Wycombe High Street
164	Lancaster - Cheapside
165	Sidcup
166	Fareham
169	Wallasey
170	Aylesbury
176	Leeds 1
178	Liverpool Lord St
179	Brighton 2
180	Great Yarmouth
182	Bristol Horsefair
183	Preston Friargate
184	Hanley
187	Kettering
189	Woking
190	Bethnal Green
194	Clacton
197	Redhill
199	Northwich
200	Ipswich Tavern Street
201	Hayes
202	Birkenhead
204	Bradford
205	Harrogate
206	Fallowfield
207	York
208	Mansfield
209	Lichfield
210	Kingston-Upon-Hull
214	Camberwell
215	Isle Of Wight
216	Cwmbran
217	Kendal
218	Sutton Coldfield
221	Dudley Merryhill
223	Neasden Fs-Dt
224	Rotherham
225	Taunton
226	Leeds 2
227	Coventry Walsgrave
228	Holborn
229	Barrow-In-Furness
230	Manchester - Oxford Street
232	Loughborough
234	Hastings
235	Boscombe
236	Newport
237	Scarborough
238	Halifax
240	Rhyl
241	Norwich Boundary Road
242	Weston Favell
244	185-187 Oxford Street
246	Liverpool - Ranelagh Street
247	Dundee 1
250	New Malden
251	Corby
253	Newcastle 1
254	South Shields High Street
256	Colindale
257	Cardiff 1
259	Middlesbrough
262	Dalston
263	Ruislip
267	Inverness
268	Leytonstone Dt
269	Weston-Super-Mare
270	Blackpool South Shore
271	Trongate
272	Princes Street
276	Argyle St
278	Guiseley
279	Garston Watford Fs-Dt
281	Lewisham
282	Doncaster
284	Bristol Cribbs
287	Sunderland
289	West Thurrock Fs-Dt
291	Crystal Peaks
292	Surbiton
293	Salisbury
294	Clydebank
295	Exeter
296	Aylesbury 2
298	Winwick Road
299	Newcastle - Grainger Street
300	Dagenham Fs-Dt
301	Folkestone
303	Edge Lane
304	Aintree
306	Birmingham Bristol Rd
307	Bury St Edmunds
308	Osmaston Derby
309	Barkingside London
310	Olton
312	Parkhead
313	Eastleigh
314	Penn Road
315	Stirling
316	Castle Marina
319	Fosse Park
320	Huddersfield
321	Middleton
322	Preston Riversway
323	Cannock Longford
324	Coventry Cross Cheaping
325	Chester Road
326	Carlisle
327	Ardwick
328	Edmonton
329	Islington
330	Havant
331	Swindon Cockleberry
332	Swansea Morriston
335	Torquay
336	Llanelli
339	Chorlton-Cum-Hardy
340	Cricklewood
341	Thornbury
342	Bexhill-On-Sea
344	Bromborough
345	Hull St Andrews Quay
346	Boongate Peterborough
347	Welwyn Garden City
349	Basingstoke-Market Place
350	Ashford-High Street
351	Priestsic Road
352	291 Oxford St
353	Salford
354	Cramlington
355	Sauchiehall Street
357	Thurrock Lakeside
358	Christchurch
359	Dumbarton
360	Motherwell
361	Meadowhall
363	Stockport Forum
364	Dundee
365	Cameron Park
366	Deptford
367	Dagenham 2
370	Stonedale Lane
371	Maryhill
373	Forest Gate
374	Victoria Place
375	Oldbury
376	Markham Moor
377	Perth
379	Clapham
380	Welling
381	Romford 2
382	Chelmsford
383	Southport - Kew
384	Redditch - Oakenshaw
385	Kingston-Upon-Thames
386	Springburn
387	Basildon Mayflower Retail Park
388	Chelsea Kings Road
389	Watford High Street
391	Croydon 2
393	Winchester
394	Felling Bypass
395	Brent Cross
396	Southend 2
397	Blackpool Cherry Tree Road
398	Aberdeen City Centre
399	Colchester Pool
401	Bramley
402	Pollokshaws
403	Heathrow Dt
404	Longbridge
405	Gloucester Bristol Road
406	Old Kent Road Dt
408	Bolton - Astley Bridge
409	Whitefield
411	Silverlink
413	Shrewsbury-Meole Brace
414	Telford 2
415	Fleet
416	Market Street Leicester
417	Washington
418	Hillsborough
419	Camden
420	North Finchley
421	Boreham Interchange
422	Derby Wyvern
423	Hatfield
424	Harringay
425	East Kilbride 1
426	Shirley
427	Hunts Cross
428	Belfast 2
429	Wandsworth Dt
430	Derby Markeaton Park
431	Bridgwater
434	Failsworth
435	Stoke
436	Cardiff Newport Rd
437	Brompton Rd
438	Killingbeck
440	Milton Keynes - Kingston
441	Wigan Gower St
442	Hartlepool
443	Linwood
444	Liverpool Street
445	Rotherham 2
447	Teesside
449	Hedge End
450	Brixton
451	Cambridge
452	Coventry Alvis
453	Coatbridge
454	Bangor-Bloomfield Shopping Centre
455	Ealing Broadway
456	Bromley Glades
457	Bristol Brislington
459	Canning Town
460	Plymouth New George St 1
461	Abbey Lane
462	Milton Keynes Arena
463	Lincoln - Moorland Way
464	Barnsley - Old Mill Lane
465	Valley Rd
466	Widnes
471	Shirley Road Southampton
472	Birstall
473	Dundonald
474	Shoreham
475	Meadowhall 2
477	Thornton Heath
479	Durham-Arnison Centre
480	Bridgend Cowbridge Road
482	Capitol Centre
484	Target Public House A40
485	Cleethorpes
486	Richmond
487	Appleby Magna
488	Yardley
490	Gatwick Dt
491	Barnstaple - Eastern Ave
492	Kinnaird Park
493	Kitts Green
494	Erith
495	Newport 2
496	Sheffield 2
497	Sprucefield
498	Cardiff Culverhouse Cross
499	Borehamwood
500	Notting Hill Gate
501	Newcastle Trentvale
502	Chester 2
503	Clifton Moor
504	Alperton
505	Oxford Headington
506	Dunstable
508	London Road Edinburgh
510	Lakeside 2
511	Coalville
512	Doncaster Dome
513	Orsett Cock
514	Dover - Whitfield
515	Irvine
516	Braintree
517	Bourne End
518	Ower
519	Gateway A55
520	Kilmarnock
521	Leamington Spa 2
522	Cardiff Longwood Drive
523	Bilbrough Top
525	Feltham
526	Trentbridge
527	Pontypool
528	Ewood
529	Swanley
532	Chippenham
533	Bristol
534	Ipswich Ranelagh Rd
535	Didcot
536	Ayr
539	Coventry Canley
540	Lombardy Retail Park
541	Arundel
542	Stamfordham Road
543	Wyboston
544	Swaffham
545	Stevenage 2
546	Weston-Super-Mare 2
549	Jarman Fields
550	Farnborough Gate
552	Congleton
553	Northampton Sixfields
554	Taunton 2
556	Upton
560	Wessington Way
561	Newtownabbey
562	Bristol Patchway
564	Breadsall
565	Huddersfield Leeds Road
566	Hanworth
568	Forth Road Bridge
569	Wakefield 2
570	Plymouth Marsh Mills
571	Lymm
572	Hartlepool 2
574	Cheltenham 2
578	Cape Hill
579	Chestfield
580	Walton Rd
582	Milton Keynes Westcroft
583	Yenton
584	Tankersley
585	Burgess Hill
586	Bedford Aspects
590	Burton 2
591	Swindon Green Bridge
592	Wroxham
593	Tamworth 2
594	Bourges Boulevard
595	Ferndown
599	Abingdon
602	Harlow The Oaks Retail Park
603	City Road
604	Streatham Place
605	Halesowen - Bromsgrove Road
606	Yorkshire Grey
607	Norwich Tuckswood
609	Melton Mowbray
610	Fraddon
611	Brighton Marina
612	Travellers Friend
614	Darlington - Morton Park
616	St Helens Linkway
617	China Garden
618	Bucksburn
619	Chancery Lane
620	Great Bridge
623	All Saints Way
624	Strood
625	Westwood Shopping Centre
626	Bedford Interchange
628	Pitsea Retail Park
629	Towcester
630	Cheshire Oaks
631	Crosshands
633	Pontefract
634	Beckton
635	Elk Mill Retail Park
636	Gorgie Road
637	Telford Road
638	Hockliffe
639	Rothwell
640	Chilwell
641	Chequers
642	Bentalls Centre Kingston
643	Walkden
645	Willerby
646	Cumbernauld
647	Bradford Rooley
648	Britton Ferry
650	Princess Parkway
651	Crawley Sainsburys
654	Finchley Lido
655	Highway Shadwell
658	Hammersmith 2 Broadway Centre
660	Northampton Riverside
661	Campbells Meadow Kings Lynn
662	Bristol Bedminster
663	Bridge Of Don
664	Livingston - Almondvale Avenue
665	Morecambe
668	Wakefield - Cathedral Retail Park
669	Beccles
670	Fort William
671	Radcliffe
672	Hunslet
673	Felixstowe
674	Kingsmill
675	Harrow Leisure Centre
676	Angel Row
678	Hagley Rd
679	Forfar
681	Gapton Hall
682	Oldbury - Birchley Island
683	Snipe Retail Park
685	Newbury Park
692	Guildford Friary
693	Penzance
694	Helen St
696	Workington Derwent Drive
697	Southampton Esplanade
698	Stevenage Leisure Park
699	Croydon Valley Park
701	Peggy Bedford
702	Ipswich Whitehouse
703	Luton Leagrave
704	Warrington - Gemini Retail Park
707	Bulwell
708	Bordesley Green
710	Basingstoke 2
711	Slough 2
712	Gloucester Barnwood
713	Haslingden - Rising Bridge
714	Huyton - Huyton Hey Road
715	Altrincham Retail Park
716	Debdale Park
718	Caerphilly
719	Sheffield - Farm Road
720	Eastbourne 2
721	Glengormley - Belfast
722	Hanwell
723	Macclesfield - Silk Retail Park
724	Canterbury 2
725	Westwood
726	Brimsdown Enfield
727	Cardiff Gate
729	Plymouth - Tavistock Road
730	Glenrothes 1
731	Cannock Church Street
732	Holloway Road
733	Wishaw
734	Wigan Marus Bridge
735	Birchwood Warrington
736	Hamilton 2
737	Chingford Fountain
739	Black Cat
740	Connswater
742	Brentford Red Lion
743	Coseley
744	Llantrisant - Glamorgan Retail Park
745	Renfrew Road
747	Wolves Fallings Park
748	Metro Centre Yellow
749	Greenock 1
750	West One Shopping Centre
751	Forster Square
752	Kirkcaldy 2
753	Evesham
754	Trowbridge
758	Liverpool - St Johns Centre
759	White Rose Centre
761	Stockton On Tees
763	Maldon
764	Goole Dt
765	Falmouth Fs
766	Cardiff St Marys Street
767	Kidderminster 2
768	Newbury Retail Park
769	Woodfields Retail Park
770	Stanmore Cornerhouse
771	Newton Abbot
772	Milngavie
773	Flint - Holywell Road A548
774	Newton Aycliffe
775	Folkestone Sainsburys
776	Plymouth New George St 2
777	Newark
778	Boldon Dt
779	Brent Park
780	Wigston
781	Finnieston
782	New Oscott
783	Ballymena
784	Mansfield Leisure Park
785	Ennerdale
786	Harpurhey
787	Reading - Oxford Road
788	Airdrie
790	Eye Green
791	Sawyers Arms
792	Wolviston
793	Daventry
794	Witney
795	Portadown
796	Willenhall
797	Tilbury
798	Enfield 2
799	Banbury - Beaumont Rd
801	Meir
802	Loughborough - Epinal Way
803	Runcorn
804	Cardiff Bay
805	Carlisle - Kingstown Retail Park
806	Carrickfergus
807	Crow Road
808	Middlebrook
809	Nuneaton-Bermuda Park
810	Wednesfield
811	Bristol Filton
815	Doncaster - Thorne Road
816	Isle Of Man
817	Ashford Orbital Park
818	Winsford - Wharton Retail Park
819	Walsall Bescot
820	Bradford - Five Lane Ends
822	Chichester 2
823	Uttoxeter Dt
825	Harold Hill
827	Coventry - West Orchards
828	Canvey Island
829	Urmston
831	Basildon Eastgate
832	A8 Showcase
833	Barry
834	Wembley Park
835	Rotherham Bawtry Road
836	Medway Valley Park
838	Catford 2
839	Whitebirk
840	Grangemouth
841	Blackpool Squires Gate
842	Waddon
843	Worksop
844	Dagenham 3
845	Worcester Blackpole
849	Norwich Longwater
851	Byker
852	Corby 2
853	Aberystwyth
854	Bellshill
855	Rayleigh Weir
856	Friern Barnet
857	Festival Leisure Park Basildon
858	Newquay
859	Southend 3
861	Rochdale Sandbrook Park
862	Camberley 2
863	Bushey
864	Ebbw Vale
865	Lowestoft Pakefield
866	Leeds - Oakwood
868	Ipswich Cardinal Park
869	Wellingborough 2
870	Kingswinford
871	Leeds - Kirkstall
872	Bridgend
873	Brampton Hut - Huntingdon
874	Liverpool - Switch Island
875	South Andrew Street
876	Pendlebury
877	Street
878	Chesterfield
879	Middlesbrough Dt Riverside
880	Doncaster Factory Outlet
881	Sheffield - Drake House
883	Kingston Park
884	Liverpool - Queens Drive
885	Sheffield Archer Road
886	Lurgan
887	Tunbridge Wells 3
888	Brighton - Churchill Square
890	Worcester Hylton Road
891	Bilston
892	North Cheam
893	Preston Deepdale
894	Swansea M4 Junction 47
895	Bredbury
896	Plymouth - Billacombe
897	Carmarthen
901	Trafford Centre - The Orient
902	Aberdare
903	Fenton Dt
904	Southall The Broadway
906	Watford Hertfordshire Arms
908	Bristol Hengrove
909	Newport - Harlech Park
911	Oldfields Road Dt
912	Wandsworth Road
913	Elgin
914	Staines 2 Dt
916	Woking Peacocks
917	Bracknell - The Keep
918	Reedswood
919	Hitchin
921	Chelmsford 2 Riverside
922	Cirencester
923	York Outlet Village
925	Newhaven
926	St Enoch Centre
927	Abergele
928	Greenhithe-The Railway Tavern
929	Telford - Forge
930	Ingleby Road
931	Gallagher Retail Park Dt
932	Blaydon Shopping Centre
933	Barrow In Furness
934	Sevenoaks
935	Ollerton
936	Team Valley
937	Peterlee - Castle Dene Shopping Centre
938	Leyland
939	Thamesmead
940	Spalding Dt
941	Coulby Newham
942	Newport - Coldra
943	Weymouth 2
944	Stratford The Mall
945	London Colney - The Bell
946	Pilsworth
947	Thurmaston
948	Swansea - Cwmdu
949	Salford - Regent Road
950	Bluewater
951	Port Talbot
952	Anniesland
953	Newbury 3
954	Enniskillen
955	Berwick-Upon-Tweed
956	Broughton Parc
957	Hull - Holderness Road
959	Fleetwood
960	Reading Gate Retail Park
961	Shipley
962	Moor Farm
963	Arnold - Nottingham Road
964	Downpatrick - County Down
965	Glasgow - London Road
966	Crawley Leisure Park
967	Cosham
968	Poole - Wessex Gate Retail Park
969	Crayford
970	Barnsley - Stairfoot Roundabout
971	Walsall - Rushall
972	Exeter 2
973	Bath - 2
974	Sunderland - Ryhope
975	Hamilton Palace
976	Bassetts Pole - A38
977	Hinckley 2
979	Lincoln - Rope Walk
980	Reading - Oracle Centre
981	Uckfield
982	Thinford - County Durham
983	Hereford 2
984	Bristol Longwell Green
985	Glasgow - Braehead
986	Rochdale - Kingsway Retail Park
987	Cullompton
988	Enfield - Gardeners Arms
989	Leeds-Central Station
990	Peterhead
992	Harlow - Hastingwood
993	Whittlesford
994	Bridgend - Pantruthin Farm
995	Sunderland Retail Park
996	Birkenhead - Rock Retail Park
997	Bromley - Garden Gate
998	Whitehaven - Bridges Retail Park
1002	Haverfordwest
1003	Dorchester
1004	Portrack Lane
1005	South Harrow - Shaftesbury
1006	Monifieth - Arbroath Road
1007	Merryhill 4
1008	Slough - The Prince Of Wales
1009	Sparkford
1010	Mottram
1011	Victoria Station
1012	Edinburgh - Newbridge
1014	Malvern
1015	Redruth
1017	Cookstown - N Ireland
1018	Bobbing - Sheppey Way
1019	Fareham
1020	Harlow - Staple Tye
1021	Tunstall Dog And Partridge
1022	Kirkby - County Road/Hall Lane
1023	Chirk - Wales
1024	Tonypandy
1025	Huyton - Page Moss
1026	Glasshoughton
1027	Barlborough
1028	Catterick - Garrison
1029	Cardiff - Excelsior Road
1031	Arbroath Dt
1032	Benson - Oxford Road
1033	Oldham - Huddersfield Road
1034	Prescot Retail Park
1035	Tyldesley
1036	Reading - Forbury Retail Park
1037	Westhoughton - Pavillion Square
1038	Wythenshaw Civic Centre
1039	Telford - Donnington
1040	Castlereagh - Saintfields
1041	Kings Cross - Ex Wendys
1042	Edinburgh - Corstorphine
1043	Glasgow - Easterhouse
1044	Stirling - Drip Road
1045	Isle Of Wight-Brading Road
1046	Chesterton
1047	Birmingham - Temple Row
1048	Balloch - Old Luss Road
1049	Croydon - The Poppy
1052	Peterborough - Hampton
1055	Rotherham Canklow
1056	Lincoln - Carlton Centre
1058	Stonecross Business Park
1059	Dunfermline 2 - Fife Leisure Park
1060	Earlestown
1061	Melksham
1062	Manchester - Baguley
1063	Shaftesbury Avenue - 2
1065	Dumfries
1066	Heckmondwike
1067	Wood Green - Spouters Corner
1068	Ripley - Butterley Park
1069	South Shields
1070	Canterbury High Street
1071	Milton Keynes - Xscape
1072	Newry - Damolly Retail Park
1073	Seven Kings
1074	St Austell
1076	Manchester - St Anns Sq
1077	Newtown - Powys
1078	Caernarfon-Arfon Garage
1079	Redditch - Moons Moat
1080	Glasgow - Kirkintilloch
1081	Lincoln - Gateway
1084	Birmingham - Chelmsley Wood
1085	Scarborough Fayre
1086	Palmers Green
1090	Dundee - Camperdown
1091	Huntingdon - Tower Field
1092	Chadderton - Jardine Way
1093	Penrith Castle
1094	Burton On Trent
1095	Isle Of Sheppey
1096	Queensway - London
1097	Birmingham - Small Heath
1098	Torquay - Hele Road
1099	Ormskirk - Two Saints Retail Park
1100	Southampton - West Quay
1101	Waltham Abbey
1102	Southampton - Millbrook
1103	Dungannon
1104	Consett- Pond Court Business Park
1106	Manchester - Salford Rialto
1107	Kings Norton
1108	Blackpool - Rigby Road
1109	East Grinstead White Lion
1110	Leicester - Meridian Way
1111	Cambridge - Newmarket Road
1112	Glynneath - A465
1113	Rugby - Leicester Road
1114	Glasgow - Thornliebank
1115	Livingston-Designer Outlet
1116	Dudley - Castle Gate
1117	Alfreton - Nottingham Road
1119	Portsmouth Ocean Retail Park
1120	Manchester - Arndale Food Chain
1121	Clydebank
1123	Cortonwood
1124	Cambridge Services
1125	Bridlington - Bessingby Road
1126	Burnley - Burnham Gate
1127	Commercial Road
1128	Bolton - Delph Hill
1129	Warrington - Riverside
1131	Leeming Bar Services
1132	Bangor - Caernarfon Road
1133	Ashington
1134	Highbury Corner
1135	Gallows Corner
1136	Barnstaple - Roundswell
1138	Galashiels
1139	Raunds Service Station
1140	Weeley
1141	Peterborough A1 Haddon
1142	Slough Uno - Bestobell
1143	Laindon
1146	Sittingbourne 2
1147	West Bromwich 3
1148	Redcar - Thrush Road
1149	Alloa
1151	Beechings Way
1152	Grimsby - Birchin Way
1153	Stotfold Msa
1154	Holywell Singing Kettle
1155	Speke
1156	Newport - Lyne Road
1157	Colne
1158	Wigan - Platt Bridge
1159	Lytham
1161	Long Sutton
1162	Halifax - Salterhebble Hill
1163	Waterloo Station
1164	Denham
1165	Romford Brewery
1166	Chimes
1167	Market Harborough
1168	Binley - Coventry
1169	Crewe - Macon Way
1170	Hayle
1171	Petersfield - Winchester Road
1173	Llandudno Junction
1174	Blyth
1175	Cannock Hawks Green
1176	Minehead - Vulcan Road
1177	Risca - Meadowland Dt
1178	Falkirk
1179	Cleethorpes - Meridian Point
1180	Leighton Buzzard
1181	Potters Bar - Metropolitan House
1182	Thetford - Forest Retail Park
1183	Sleaford - Holdingham Roundabout
1184	Botley Road
1185	Killingworth Centre
1186	Washington - Peel Centre
1187	Medway City Estate
1188	Hertford 2 - Rush Green
1189	Sheffield - Darnall Road
1191	Peterborough - Glinton
1192	Middlesbrough - Leisure Park
1193	Truro - Maidens Green
1194	Frome - Sandy Hills Lane
1196	Ripon - Harrogate Road
1197	Chorley - Clifford Street
1198	Liverpool - Rice Lane
1199	Liverpool - Aigburth Road
1200	Liverpool - Albert Dock
1201	Stockport - Heaton Chapel
1202	Stockport - Sandy Lane
1203	Sandbach
1204	Rushmere - Shopping Centre
1205	Swadlincote- Belmont Street
1206	Earlswood
1207	Scunthorpe 2
1208	St Leonards
1209	Balby - Sandford Road
1210	Waverley Market
1211	Hull - Cottingham Road
1213	Horsforth - Leeds
1214	Newtownards
1216	Tiverton
1217	Southchurch
1218	North Moor Road
1219	Marks Gate
1220	Halesowen - Park Road
1221	Wolverhampton - Stafford Road
1222	Keighley 2
1223	Leeds - Elland Road
1224	Boston
1227	Treforest - Pontypridd
1228	Mold
1229	Edinburgh - Straiton
1230	Darnley
1231	Laceby - Grimsby
1232	Redhouse Interchange
1233	Grantham 2
1234	Stechford
1235	Norwich - Hay Hill
1236	Accrington
1237	Clitheroe - Ribble Valley Business Park
1238	Norwich Airport
1240	Worle - Weston-Super-Mare
1241	Blackwood - High Road
1242	Kettering - Orion Way
1243	Seafield Road
1244	Shrewsbury - Battlefields
1245	Manchester - Sports City
1246	Greenwich-Cutty Sark
1247	Gloucester Hardwicke
1248	Scunthorpe - Doncaster Road
1249	Liverpool - Kensington
1251	Exmouth - Liverton
1252	Wisbech - Cromwell Centre
1253	Apsley
1254	Hartlepool Marina
1255	Watchfield
1256	Shoreham By Sea
1257	Portsmouth - Fratton
1258	Eccles - West One
1259	Ashby De La Zouch
1260	Lichfield - Wall Island
1261	Southport - Ocean Plaza
1262	Reading - Lower Earley
1263	Bow - Payne Road
1264	Droitwich
1265	Liverpool - Belle Vale
1267	Basingstoke - Leisure Park
1268	Hadleigh
1269	Buck Barn A24 / A272
1270	St Albans Retail Park
1272	Brighouse
1273	Perth - Broxden
1274	Stockport Hazelgrove
1275	Yardley Wood
1276	Darwen - J4 M65
1277	Asda Rooley
1278	Asda Pudsey
1279	Asda High Wycombe
1280	Croydon 4 East Croydon
1282	Dudley - Upper Gornal
1283	Sudbury - Retail Park
1284	Manchester - Oxford Road
1285	Knaresborough Retail Park
1286	Skipton - Millenium Way
1287	Stevenston - Hawkhill Retail Park
1288	Archway
1289	Preston Fishergate
1290	Castlemilk
1291	Stroud
1292	Chichester
1294	Leeds - Colton Mill
1295	Stamford
1296	Asda Bournemouth
1297	Dalton Park
1299	Stafford - Eccleshall Road
1301	Skegness - Grand Parade
1302	Monks Rest - Hamilton
1303	Gallions Reach Beckton
1304	Asda Bournemouth 2
1305	Yate
1306	Kidderminster - Weavers Wharf
1307	Asda Bedminster
1309	Asda Newport
1310	Asda Crawley
1311	Asda Wallington
1313	Asda Queensferry
1314	Asda Fulwood
1315	Asda Derby
1316	Selby
1317	Asda Leigh
1318	Skelmersdale
1320	Asda Halifax
1321	Asda Edinburgh
1322	Asda Kirkcaldy
1324	Asda Kingswood Hull
1327	Asda Dunfermline
1328	Denton
1329	Branksome - Alder Road
1330	Paignton
1331	Asda Morley
1332	Asda Longbenton
1334	Asda Slough
1335	Asda Widnes
1336	Asda Norwich
1339	Calcot Relocation
1340	Asda Trafford Park
1341	Asda Aberdeen
1342	Merthyr Tydfil - Cyfarthfa Retail Park
1343	Asda Hulme
1344	Asda South Woodham Ferrers
1345	Norwich - Chapelfields
1346	Gosforth Park
1347	Portishead
1349	Ipswich - Ravenswood
1352	Colchester Tollgate
1353	Swindon- Orbital Centre
1354	Strensham Southbound Msa
1355	Stansted
1357	Braehead
1358	Beaconsfield
1359	Bletchley
1360	Ashford - Eureka Park
1361	Huddersfield Gallagher Retail Park
1362	Capitol Shopping Park - Cardiff
1363	Woolwich 2
1364	Merthyr Tydfil
1365	Robroyston Glasgow
1366	East Kilbride - The Whirlies
1367	Star City
1368	Clacket Lane Eastbound Msa
1369	Clacket Lane Westbound Msa
1370	Watford Gap Northbound Msa
1371	Strensham Northbound Msa
1372	Chester Msa
1373	Northampton Southbound Msa
1374	Maidstone Msa
1375	Tibshelf Southbound Msa
1376	Westfield Stratford City
1377	Bathgate
1378	West Auckland
1379	Minster Services
1380	Polegate
1381	Magor Msa
1382	Sandbach Southbound Msa
1383	Stoke Longton
1384	Tamworth Wilnecote
1385	Orpington Broomwood
1386	Gainsborough
1391	Rownhams Southbound Msa
1392	Durham Msa
1393	Cobham Msa
1394	Rugeley - The Towers
1395	Designer Village
1396	Greenford 2
1397	Newbridge
1398	Markham Vale
1399	Andover - Weyhill
1400	Bognor Regis - Oldlands Way
1401	Maresfield
1402	Whitchurch
1403	Langley Mill
1404	Stafford Southbound Msa
1405	West Lynn
1406	Sandbach Northbound Msa
1407	Nottingham Victoria Rp
1408	Broadlands
1409	Milton Keynes Brickhill
1410	Havant 2
1411	Openshaw Manchester
1412	Annandale Water Msa
1413	Royston
1414	Taunton Deane Southbound Msa
1415	Sheffield Handsworth
1416	Caxton Gibbet
1417	Shiptonthorpe
1418	Amesbury
1419	St Helens - Chalon Way
1420	Alcester
1421	Northampton Northbound Msa
1422	Watford Gap Southbound Msa
1423	Kettering Northfield
1424	High Wycombe Dovecot Road
1425	Thornaby
1426	Dunchurch
1427	Dartford - Princes Road
1428	Killington Lake Msa
1429	A31 Picket Post
1430	Sutton Scotney Northbound Msa
1431	Sutton Scotney Southbound Msa
1432	Belfast - Boucher Road
1433	Farnborough Tumble Down Dick
1434	Ilkeston
1435	Birmingham Fort
1436	Kilmarnock Bellfield Interchange
1437	Wigan Morris Street
1438	Totton
1439	Colchester Stadium
1440	Sydenham
1441	Bourne
1442	Cornwall Services
1443	Swindon - Bridgemead
1444	Gloucester - St Oswalds
1445	Leigh Parsonage Retail Park
1446	Monks Cross Drive-Thru
1447	Maidstone - Broadway
1448	Loughborough - Warwick Way
1449	Woolwich - Church Street
1450	Stretford
1451	Rotherham - Parkgate
1452	Stoke - Norton Park
1453	Darlington - Meynell Road
1454	Taunton Deane North Msa
1455	Tibshelf Northbound Msa
1456	Rownhams Northbound Msa
1457	Cambridge Circus
1458	Poole - Mannings Heath
1459	Staines - Ashford
1460	Stratford-Upon-Avon
1461	Crewe - Dunwoody
1462	Manchester Fort
1463	Nottingham - Clifton
1464	Barton Mills
1466	Glasgow - Silverburn
1467	Wellingborough - London Road
1468	Banbury Gateway
1469	Pont Abraham Msa
1470	Dereham
1471	Luton - Chaul End Lane
1472	Andover - New Street
1473	Alnwick
1474	Bideford
1475	Derby - Commercial Park
1476	Rutherglen
1477	Ashton Moss
1478	Dunbar
1479	York - Poppleton
1480	Manchester Piccadilly Gardens
1481	Hamilton Msa
1482	Sedgemoor Msa
1483	Eston
1484	NORTON CANES MSA
1485	AYLESFORD
1486	Hull - Boothferry Road
1487	Portsmouth - North Harbour
1488	Chelmsford Westway
1489	Aberdeen - Kittybrewster
1490	BURNTWOOD - CANNOCK ROAD
1491	Chelmsford - Regiment Business Park
1492	CAMERON TOLL
1493	Inverness - Inshes Retail Park
1494	Banbridge
1495	LEICESTER SQUARE
1496	NOTTINGHAM - NUTHALL ROAD
1497	Abergavenny
1498	WATERLOOVILLE
1499	TONBRIDGE - CANNON LANE
1500	ELY LEISURE VILLAGE
1501	STOURBRIDGE
1502	Lancaster - Caton Road
1504	GLASGOW - GREAT WESTERN RETAIL PARK
1505	Wakefield - Snowhill
1506	Rawtenstall
1507	NORTH ACTON
1508	GILLINGHAM - BOWATERS
1509	MATLOCK
1510	ALDERSHOT - ASH ROAD
1511	LIVERPOOL - GREAT HOMER STREET
1512	THORNE
1513	DONCASTER - CENTURION RETAIL PARK
1514	DURHAM - DRAGON LANE
1515	LIVERPOOL - CLAYTON SQUARE
1516	NORTHWICH - MANCHESTER ROAD
1517	SKELTON
1518	NORWICH - THICKTHORN
1519	LUTON RETAIL PARK GIPSY LANE
1520	St Pauls
1521	WIDNES - BOWERS RETAIL PARK
1522	EASTLEIGH - ASDA
1524	BAYNARDS GREEN
1525	BELFAST - SHORE ROAD
1526	NORTHAMPTON - ST JAMES RETAIL PARK
1527	Morrisons - Beverley
1528	CLAYCROSS - DERBY ROAD
1529	BURNLEY-ASDA
1530	St Ives - Bramley Road
1531	ASDA - WATFORD DOME ROUNDABOUT
1532	LETCHWORTH
1533	SALISBURY - SOUTHAMPTON ROAD
1534	Antrim - The Junction Retail Park
1535	PORT GLASGOW - RETAIL PARK
1536	LEVEN - RIVERSIDE ROAD
1537	BICESTER
1538	MILTON KEYNES - WOLVERTON
1539	DALKEITH
1540	NOTTINGHAM - VICTORIA CENTRE
1541	GOSPORT - BROCKHURST GATE
1542	LONDON BRIDGE
1543	CLACTON - BROOK RETAIL PARK
1544	WALSALL - LITTLETON CENTRE
1545	Barnsley - Upper New Street
1546	BRACKNELL - THE LEXICON
1547	HARWICH
1548	BEDFORD - ELMS PARC
1549	SALTASH
1550	FORMBY
1551	PORTLETHEN - ASDA
1552	Maylands Avenue
1553	NORTHAMPTON KETTERING ROAD
1554	CROYDON - COLONNADES
1555	STANLEY
1556	PETERBOROUGH - MORRISONS
1557	BANKHEAD PARK - GLENROTHES
1558	BIGGLESWADE
1559	WOKING - MORRISONS SITE
1560	STOWMARKET
1561	SUTTERTON
1562	SNETTERTON A11
1563	GRAVESEND - ASDA
1564	HATFIELD - ASDA
1565	NUNEATON - ASDA
1566	ROEHAMPTON - ASDA
1567	TAUNTON - ASDA
1568	WEMBLEY - ASDA
1569	PARK ROYAL - ASDA
1570	TESCO KNOCKNAGONEY
1571	COLSTERWORTH
1572	Hanworth Delivery Kitchen
1573	BRISTOL FISHPONDS
1574	WARWICK
1575	BECKTON - ASDA
1576	NAIRN
1577	CARDIFF - TY GLAS AVENUE
1578	LEEDS - BOND STREET
1579	HUCKNALL
1580	SHROPSHIRE NEWPORT RETAIL PARK
1581	Hinckley - Dodwells Road
1582	WESTHILL ABERDEEN
1583	STAFFORD KINGSMEAD
1584	CORBY 3
1585	Fraserburgh
1586	LINCOLN - 323 HIGH STREET
1587	Cleveleys
1588	EXETER - WINNING POST SERVICES
1589	GUILDFORD - FRIARY STREET
1590	WIMBLEDON - THE BROADWAY
1591	SWINDON ASDA
1592	Prenton
1593	OAKHAM - LANDS END WAY
1594	BURTON LATIMER
1595	LEEDS - MORLEY
1596	Stirling - Springkerse
1597	Falkirk - Glasgow Road
1598	Canning Town - Hallsville Quarter
1599	Broadstairs
1600	Long Eaton Tesco
1601	Belfast - McKinstry Road
1602	WELLINGTON - BUCKLAND ROAD
1603	Edwalton - Landmere Lane
1604	Glasgow Fort - Morrisons
1605	WINCANTON
1606	WORKSOP - RETFORD ROAD
1607	Minworth - Asda
1608	Brighton - Asda
1609	CROMER - HOLT ROAD
1610	Mansfield - Oakleaf Close
1611	Bolton - Manchester Road Euro Garages
1612	SOUTH STAFFORD - ACTON COURT
1613	LOWESTOFT - KIRKLEY RISE
1614	PORTSMOUTH FRATTON DELIVERY KITCHEN
1615	WELSHPOOL - BUTTINGTON CROSS
1616	SNODLAND
1617	Toryglen - Asda
1618	GREAT YARMOUTH - ASDA
1619	Llandudno
1620	Warwick - M40 J15
1621	CHESTERFIELD WEST BARS
1623	PRUDHOE
1624	RUGBY
1625	CROYDON - SWAN CLOSE DELIVERY KITCHEN
1626	MILTON KEYNES - LINFORD WOOD
1627	NORWICH, BROADLAND GATE
1628	WHITBURN, HEARTLANDS BUSINESS PARK
1629	BARTON DOCK ROAD - TRAFFORD PARK
1630	CHORLEY - TESCO
1631	SUTTON - MINDEN ROAD DELIVERY KITCHEN
1632	NEWMARKET, FORDHAM RD/WILLIE SNAITH RD
1633	BRISTOL - HENGROVE DELIVERY KITCHEN
1634	WOODFORD -SOUTHEND ROAD DELIVERY KITCHEN
1635	PADDINGTON SQUARE YRE
1636	MARKET DRAYTON - A53
1637	DERBY- COTTONBROOK ROAD DELIVERY KITCHEN
1638	BOSTON - SWINESHEAD ROAD
1639	BUCKINGHAM - TESCO SUPERSTORE
1640	Bodmin, Launceston Road Adj Road
1641	CARLISLE - RAILWAY GOOD YARD
1642	DUNFERMLINE TURNSTONE ROAD TESCO
1643	Ulverston
1644	NOTTINGHAM-CHETTLES TRADE PARK DELIVERY
1645	Denaby Main
1646	LEICESTER - 30 ALMOND ROAD
1647	Dearne Valley Parkway
1648	Brynmawr
1649	ST CLEARS
1650	Dagenham-Sterling Delivery Kitchen
1651	BILSTON SPRINGVALE INDUSTRIAL PARK
1652	LARNE
1653	HEXHAM - BUNKER SITE
1654	RHYL- CLWYD RETAIL PARK
1655	SITTINGBOURNE- CROWN QUAY TRADE CENTRE
1656	Weymouth - Gateway
1657	Wandsworth-South Shopping Centre Relo
1658	BIRMINGHAM - SELLY OAK
1659	LONGBRIDGE DELIVERY KITCHEN
1660	BAGULEY DELIVERY KITCHEN
1661	BIRMINGHAM - PERRY BARR
1662	MAGHULL
1663	CHARLTON - RELO
1664	Downham Market
1665	THURROCK DELIVERY KITCHEN
1666	Bow - Mcdelivery Kitchen
1667	BROWNHILLS
1668	BRISTOL - BRADLEY STOKE
1669	ILMINSTER - A303
1670	COLCHESTER - TURNER RISE RETAIL PARK
1671	FOLKESTONE - TESCO
1672	THIRSK
1673	LONDON - WESTFIELD
1674	Belfast Ballygomartin Road Tesco
1675	LOUTH - LINCOLN WAY
1676	ORPINGTON DELIVERY KITCHEN
1677	Bridgwater - Dunball
1678	DEWSBURY - SHAW CROSS
1679	TYNESIDE DELIVERY KITCHEN
1680	ERITH DELIVERY KITCHEN
1681	BERMONDSEY- VERNEY ROAD- DELIVERY KITCHE
1682	LIPHOOK SERVICES NORTH
1683	PLYMOUTH- BURRINGTON WAY DELIVERY KITCHE
1684	NELSON - BROADWAY
1685	CHRISTCHURCH RETAIL PARK
1686	Coventry - Abbey Park Asda
1687	WARRINGTON - WHITTLE AVENUE
1688	BYKER DELIVERY KITCHEN
1689	CUMBERNAULD - CRAIGLINN PARK ROAD
1690	BLYTH
1691	WIGSTON DELIVERY KITCHEN
1692	BARRHEAD - GLASGOW ROAD
1693	SWANSEA - TESCO
1694	HAROLD HILL DELIVERY KITCHEN
1695	BIDSTON MOSS RETAIL PARK
1697	IPSWICH - TESCO
1698	Mansfield - Asda
1700	WINCHESTER - TESCO
1701	ABERDEEN - CRAIGSHAW ROAD
1702	HAVERHILL - BUMPSTEAD ROAD
1705	PETERBOROUGH DELIVERY KITCHEN
1708	COLLIERS WOOD
1709	BEDFORD - FAIRHILL
1711	Motherwell Euro Garages
1712	Bury St Edmunds - Suffolk Park
1713	CRAWLEY- GATWICK ROAD
1714	OSWESTRY - SHREWSBURY ROAD
1716	LEEK - CHURNET WAY
1717	GLOSSOP - WREN NEST RETAIL PARK
1718	BIRMINGHAM - EXCHANGE SQUARE
1721	LOWESTOFT - LEISURE WAY
1722	KINGS HEATH - TRADE PARK DELIVERY KITCHE
1737	HIGH WYCOMBE - CRESSEX ISLAND
1773	LINCOLNSHIRE SHOWGROUND
1806	MIDDLETON - ST GEORGES RETAIL PARK
1832	CREWE - MARKET CENTRE
1868	NORTHALLERTON - DARLINGTON ROAD
1888	COPPER POT - LEON
1899	QUEENSFERRY - DEESIDE RETAIL PARK
1911	Skegness-Retail Park
1939	MARTLESHAM HEATH - SPENHILL RETAIL PARK
1981	CHESTER - COLISEUM SHOPPING PARK
1996	Wrexham - Central Road
1998	FAREHAM - WHITELEY VILLAGE
2033	Ruislip - Dairy Lane
2070	TAPLOW - THE BISHOP CENTRE
2091	WREXHAM DELIVERY KITCHEN
2095	SOUTHPORT-CENTRAL 12
2105	DISCOVERY PARK
2124	ILKLEY
2125	SKELTON LAKES MSA
2131	PORTSMOUTH HUB
2144	BASILDON - DELIVERY KITCHEN
2162	CHELMSFORD - CHELMER VILLAGE
2171	HEMPSTEAD VALLEY
2183	HARLOW - DELIVERY KITCHEN
2194	LEATHERHEAD - CHURCH STREET
2209	WIMBLEDON - DELIVERY KITCHEN
2210	Liverpool Mcdelivery Kitchen
2211	PRESTON - DELIVERY KITCHEN
2233	SWANLEY - SWANLEY CENTRE
2345	NEWARK - LONDON ROAD
2352	WARRINGTON - KERFOOT STREET DK
2393	MCDELIVERY KITCHEN
2448	Salford Quays
2500	TUNSTALL - WOODLAND STREET
2526	BASILDON - PITSEA NORTHLAND
2610	FOLKESTONE - SERVICES